epoch,time,train/box_loss,train/cls_loss,train/dfl_loss,metrics/precision(B),metrics/recall(B),metrics/mAP50(B),metrics/mAP50-95(B),val/box_loss,val/cls_loss,val/dfl_loss,lr/pg0,lr/pg1,lr/pg2
1,131.373,2.29901,5.10277,2.2658,0.14075,0.22747,0.1108,0.035,2.43826,3.17776,2.41763,6.92491e-05,6.92491e-05,6.92491e-05
2,205.917,2.10611,3.69767,2.17815,0.34511,0.26426,0.20115,0.06494,2.40498,2.70089,2.39694,0.000111143,0.000111143,0.000111143
3,277.865,1.99593,3.20444,2.08033,0.35507,0.31708,0.26183,0.07495,2.31788,2.6305,2.39158,0.000125581,0.000125581,0.000125581
4,361.642,1.92624,2.92139,2.02887,0.39765,0.40565,0.34874,0.12679,2.11962,2.34087,2.1714,8.4448e-05,8.4448e-05,8.4448e-05
5,446.75,1.88072,2.77182,1.97673,0.4596,0.41425,0.39834,0.14393,2.14308,2.30348,2.15721,4.3264e-05,4.3264e-05,4.3264e-05
