epoch,time,train/box_loss,train/cls_loss,train/dfl_loss,metrics/precision(B),metrics/recall(B),metrics/mAP50(B),metrics/mAP50-95(B),val/box_loss,val/cls_loss,val/dfl_loss,lr/pg0,lr/pg1,lr/pg2
1,130.469,2.26808,4.22314,2.27086,0.16196,0.06597,0.05478,0.02048,2.16607,9.09982,2.23368,0.000475909,0.000475909,0.000475909
2,286.154,2.2314,3.45122,2.30322,0.14387,0.09272,0.05705,0.01457,2.08868,8.73904,2.2485,0.000763698,0.000763698,0.000763698
3,443.255,2.16765,3.29564,2.26887,0.24181,0.12167,0.09382,0.03073,2.07614,6.11055,2.11542,0.00086286,0.00086286,0.00086286
4,597.289,2.0732,3.07026,2.16668,0.25497,0.18689,0.14758,0.04499,1.99105,6.17704,2.05314,0.000580174,0.000580174,0.000580174
5,753.764,1.97618,2.85872,2.08485,0.39648,0.26563,0.22524,0.07535,1.93553,4.87362,2.00596,0.000297232,0.000297232,0.000297232
