epoch,time,train/box_loss,train/cls_loss,train/dfl_loss,metrics/precision(B),metrics/recall(B),metrics/mAP50(B),metrics/mAP50-95(B),val/box_loss,val/cls_loss,val/dfl_loss,lr/pg0,lr/pg1,lr/pg2
1,73.8301,2.24016,4.67903,2.22052,0.42148,0.07067,0.0497,0.01453,2.24269,4.153,2.37417,0.00332147,0.00332147,0.00332147
2,142.787,2.13547,3.7463,2.15358,0.08962,0.17072,0.05134,0.01367,2.52425,4.59094,2.5858,0.00658892,0.00658892,0.00658892
3,204.418,2.20144,3.35512,2.21979,0.05328,0.12155,0.03452,0.01071,2.6675,12.7744,3.01702,0.00979037,0.00979037,0.00979037
4,266.599,2.2521,3.3386,2.32169,0.09063,0.08227,0.023,0.00593,2.68393,5.66347,2.84071,0.009703,0.009703,0.009703
